"species","sex","n","mean","sd","se","ci95_low","ci95_high"
"Adelie","female",73,37.2575342465753,2.02888295814191,0.237462788947608,36.7841608283704,37.7309076647803
"Adelie","male",73,40.3904109589041,2.27713052763302,0.266517969269499,39.8591170973047,40.9217048205036
"Chinstrap","female",34,46.5735294117647,3.10866909294183,0.53313235111577,45.4888634878545,47.6581953356749
"Chinstrap","male",34,51.0941176470588,1.56455844801493,0.268319560207321,50.5482173972121,51.6400178969055
"Gentoo","female",58,45.5637931034483,2.05124679893158,0.26934190008263,45.024445251793,46.1031409551036
"Gentoo","male",61,49.4737704918033,2.72059439824856,0.34833641831466,48.7769939129202,50.1705470706863
